Full Name,Phone Number
Tiffany Krysta Crabtree,4163019831
Zoe Singleton,6134779178
Moira Cortez,5873252488
Cameron Kelsy Beach,4165406173
Clark Moon,5149809576
Darian Kaitlynn Pollack,5146311174
Darin Hayes,2047826913
Noel Honeycutt,2267846039
Prince Isai Binder,6047143106
Kailey Johnna Ibrahim,3063158764
Taniya Baby Hu,4182379068
Thomas Sears,4036846336
Terra Yi,4168454656
Alysa Ileana Infante,6048033939
Kasandra Aysia Purdy,7807606437
Brittney Killian,2893617124
Serena Houghton,3063765528
Zachary McDaniel,3065124265
Dewayne Thaddeus Davila,4188563032
Kendal Shaylee Pedraza,8194924658
William Hollis,9023244323
Jacy Rosalinda Mcnulty,5198588061
Lesly Olsen,9056773593
Gwendolyn Johanna Watkins,4036929417
Jerry Goldberg,7804882843
Sylvia Cherish Mchenry,9057073205
Quintin Butler,6047232066
Brady Felix Mello,5195640999
Cayla Foy,7056721011
Kiya Jankowski,4164189481
Genaro Deonte Leblanc,6048346329
Kolten Jeff Dinh,5147053529
Carson Hoyle,7782274512
Maxwell Julian Ness,6048764679
Essence Eldridge,9056593999
Brennon Juancarlos Benitez,2506545440
Chloe Debra Ivey,6133687782
Tiffany Robin Hammons,6473885734
Jackeline Snead,3068762614
Jabari Zain Kish,8197361323
Noel Lynn,2507126509
Lana Karah Preciado,4163010813
Jameson Edmund Christenson,9053633526
Stephany Mcneely,4166431137
Stetson Camden Way,6133169311
Kenneth Cornelius Back,8075832581
Carlie Ewing,5147819346
Yamilet Maddox,6137494451
Marques Mcalister,9026298424
Hali Sharp,4032997946
Jaelyn Mead,5143924055
Kimberlee Dawn Jonas,5193384235
Janie Paris Coker,6132738917
Kathy Middleton,5196985922
Kalob Ahmed Landon,6133953954
Hayleigh Kylee Proctor,9053761544
Lina Marcela Doty,9052637575
Karsyn Amelia Haywood,5197413670
Madison Houston Barney,2042907311
Jaquez Zachary Maier,4033090382
Demarco Theodore Whitten,6133497936
Joana Yazmine Steward,2042908947
Anjelica Lai,6049077429
Stanley Trevor Derosa,9059258585
Jackie Potter,4165657333
Hope Ann Hundley,5198378719
Samuel Roman,7788404584
Rogelio Leif Krueger,6139242240
Rhonda Stella Avila,7057430026
Annamarie Goebel,9053748028
Mara Mae Sizemore,4185458617
Daija Kerns,2508191029
Uriel Cecil,4166884720
Cristina Jennah Starkey,6137257594
Tessa Helms,4162189617
Saul Tre Henriquez,6474300575
Liam Beau Gilley,4188668631
Jude Coyle,6138370126
Rhianna Tristin Montano,5148727001
Willie Sepulveda,7809805224
Tamya Tatiyana Whitfield,4165928243
Brayan Brewster,4036531556
Catalina Adam,6046630644
Jazmyne Shelby,4038075535
Julia Ciarra Titus,8194381627
Alanis India Autry,8192130737
Shaylee Crum,5148354454
Aleigha Hanks,6477224383
Humberto Bohannon,4033295946
Marcella Breonna Fernandes,4166353466
Donavan Reid Jacobs,8195705254
Carli Frame,7809838288
Jessi Goetz,5197822985
Misael Nestor Cervantes,6137601974
Augustine Armani Forster,6136751618
Gage Cady,3066673989
Blayne Christion Barton,3062549224
Jaylen Goodrich,2506255657
Shakayla Kylie Warren,5199193098
Dahlia Choate,4166713521
Rashad Kennedy Miranda,9026388366
Reyna Womack,6478895892
Jamila Hidalgo,5149425618
Mandy Elisha Longoria,6042448055
Kerri Maranda Machado,6138888941
Kale Julian Daniel,6137230310
Colt Zachery McCarty,4186585560
Edgardo Erick Mansfield,4164003384
Abbey Jack,6138089265
Macy Genevieve Renteria,3067205597
Stephany Weis,6135351248
Alessandra Isabell Layman,9053734366
Dara Kalia Duke,7804910131
Kailey Gillian Newell,9056216732
Tristen Lindley,4189637606
Rowan Ivy,7057407747
Imani Alayna Floyd,7054289033
Nick Graf,4038094094
Krista Anaya Anaya,7809311224
Alexis Boyce,9052420706
Rylee Melia Keith,6139484061
Ethan Beverly,4168819032
Kearra Yazzie,5149797838
Asha Alysa Yee,2508646805
Tara Allison,6042045316
Bishop Frost,8197340608
Jaeden Moises Judge,8193642712
Alli Zaira Watts,7802402328
Andrew Emmett Mahon,4032333091
Guillermo Lanning,4038989877
Clifford Ratcliff,4036138192
Ezequiel Kendall Hanson,8675811282
Alicia Allyson McCombs,3064924345
Lela Wooten,4036073490
Keandre Garrison Koehler,8679200382
Josefina Tehya Linares,8196962312
Kelli Natalie Corey,2503175605
Zoie Dewey,7803789044
Nehemiah Kenny,9056079435
Lucia Karyme Kent,9055378695
Dasia Marion Langford,4165694110
Jalynn Shay Ragland,9057623733
Keegan Knowles,2507455535
Odalis Lytle,2508464122
Elijah Mortensen,4035629469
Gabriel Estevan Avery,9052299796
Makena Ham,6047934418
Alexus Deleon,9054358395
Jovan German Homan,7788852448
Lloyd Keandre Koch,2508475662
Roy Jerrod Busby,4186833407
Rylee Christopher,7809162941
Riya Makaylah Paredes,3067435629
Bobby Kaiser,4167348656
Kyra Tehya Cano,4039954255
Dejuan Bryce Neil,8074864317
Joel Nevin Tarver,6045387265
Annalise Flor Anthony,6138373219
Lane Dillon Zook,4509884203
Keanna Noriega,6139333517
Rex Crocker,6047823321
Liam Dawkins,4163003000
Ervin Kurtis Cheng,9052608395
Chelsie Napier,9059418866
Madison Sheldon McCorkle,3065667877
Karolina Hawley,6139624054
Tiana Bollinger,4035691575
Tatiyana Iyanna Pineda,9055932188
Myron Minton,4037623121
Tasha Alannah Arndt,4508804767
Abram Mohammad Carey,2502178673
Bradford Jett Burleson,4505461350
Lesly Prince,9058391167
Christin Rena Ellington,6139242296
Silvia Baughman,6133603614
Mercedes Cathryn Mattingly,6135410423
Christa Smart,7807427782
Ashli Drury,6478888237
Mason Beam,5149298470
Isha Gaston,3067363245
Melvin Spaulding,6049608479
Riley Sergio Chavez,6043381105
Edgardo Kaleb Donahue,4163200148
Tamya Kylie Piper,7804357736
Stefanie Jaquelin Kohler,9056511700
Melinda Alexandra Fox,8675812847
Randy Connor Thompson,3064554839
Randall Ketchum,8675737370
Kaitlin Pickard,6048309777
Jarrod Alden Laster,6138244868
Kent Nathan Malloy,6047232019
Claire Kayli Ha,5199314129
Keyara Rhianna Monroy,6049530225
Keagan Sloan,6049339970
Milena Piper Simms,4037424161
Cielo Swartz,4164096154
Diego Toby Lentz,4167548005
Dan Lindsay,6046917495
Santino Anders Reinhardt,4033272842
Jimmie Sauer,4165997214
Kirstin Shauna Demers,4165229426
Hayden Frank,6138520185
Anton Briseno,4035374245
Aaliyah Skyler Lujan,6048294685
Dylan Mosher,6047850310
Saira Emani Barone,6135419756
Bayley Zapata,6139484086
Micayla Alyse Lim,7056075941
Remington Langdon,2506493347
Araceli Noor Rangel,7789999668
Madelin Curley,5194013987
Janessa Padgett,5196366414
Jade Blaine Prieto,4186416157
Cole Austin Goble,4186969738
Moshe Quinlan Keegan,6133637100
Brandon Pollack,6044876791
Milo Zachary Crouse,9057040067
Adriel Rauch,6049230271
Tyson Alves,4167360635
Anaya Noemi Gill,5148748775
Cruz Slocum,7056721062
Ronald Juwan Younger,4036604215
Saige Breann Flanders,4035104695
Toby Ignacio Pina,6045274863
Waylon Tucker Reardon,7058981423
Ashlyn Annmarie Inman,2503712221
Roxanna Luisa Bryant,7807902103
Stefan Packer,7789958265
Lena Gant,7807179519
Alice Vo,6048247241
Eunice Madison Steen,3066533304
Kolby Sweat,4188960836
Daniel Jackson Drake,4033338120
Broderick Devlin Thurman,3063347885
Leanne Madelyne English,4506704465
Laken Gilbertson,9056088912
Trenton Bock,2505133772
Cristal Rosalie Sales,4506418887
Tammy Cecelia Bair,2504229684
Ivan Charles Kerns,4035194900
Janelle Annette Wisniewski,2506188773
Kaylynn Jaeger,9054133782
Brannon Kurtis Sorenson,9053376230
Larissa Skyla Luciano,4032744481
Colby Sydnee Nadeau,6138089268
Alannah Nickerson,4188123038
Dillon Rivera,4506124005
Haley Close,5142855193
Dezmond Arron Seifert,8198082492
Charisma Turner,8677700772
Rasheed Erik Ly,2506203738
Eddie Montez,6137341258
Kelsea Demetria Brockman,8198409542
Jordon Espinosa,4162581782
Estefania Lucille Ellington,7053663781
Hali Ivonne Tipton,6137226129
Stephen Immanuel Renner,9059462370
Johana Freitas,7056264611
Emiliano Leland Isaacs,8199808319
Markell Godinez,5196609428
Devon Buford,7804608986
Braedon Castellanos,6136501469
Sarah Tracey Mclemore,2503880116
Salena Cable,7059411531
Tyrique Heriberto Pelletier,5192376390
Annalee Devore,9028949632
Aileen Merchant,9054684189
Alonzo Emiliano Burleson,6132311212
Kyron Gandy,4032399910
Rebekah Loren Roper,9028363959
Shamar Cristobal Amato,9054315718
Adrien Trevion Rose,3066837699
Cristofer Homan,7804391590
Giavanna Payton Olvera,4035070010
Keith Mohr,4032123003
Ashtyn Simran Knoll,4162841799
Hattie Makayla Kincaid,9052289005
Norman Remington Avalos,4038064082
Laney Galloway,2898219421
Quintin Tye Gary,5148330031
Marcellus Dequan Dayton,6136775116
Keri Janeth Bruner,6138244846
Hollie Litzy Levin,9053857541
Margarita Custer,4165215720
Tyshawn Wolff,7806299360
Kolby Judah Sewell,9024426499
Celine Ellsworth,6135654166
Moira Yoselin Basham,7095307774
Dana Alison Case,6138491950
Arjun Creech,2508932454
Solomon Gilbert Delgado,4165694100
Daria Tayla Lanning,5146016464
Ivan Francisco Gunderson,8078529100
Monika Aniya Kent,7808311487
Amalia Presley Aranda,5147089466
Chauncey Shelton Sutter,4035342841
Katelin Cielo Gulley,6048070649
Jaliyah Chastity Breeden,9055741189
Arthur Whaley,2046435201
Penelope Tamya Reichert,8198229097
Reid Alessandro Berger,4164621619
Estrella Geer,8198409568
Jayleen Kalie Fennell,7056273754
Jade Ramiro Benton,4162448920
Dajuan McCracken,7056480447
Trenton Gifford,6472221555
Gene Casey,7788918481
August Taj Haley,6474351709
Damaris Tara Durbin,6044386228
Barrett Lockett,4163756479
Aliza Oriana Stowe,9026510841
Shiann Unique Spring,3067877809
Adrian Makaila Aldrich,5196711718
Riya Santana,7807427082
Josephine Odalys McCord,5193479398
Lilian Mattie Lau,4509179891
Deshawn Wade,9056313186
Carleigh Brill,2508037093
Estefany Gloria Rhodes,4189637602
Candy Alfaro,9057619245
Rowan Hobbs,7802375609
Jevon Jovanni Starling,4032760024
Clint Vicente Gilley,4164953663
Jayme Tammy Haggerty,6139610604
Cristal Khan,3065396564
Lorenzo Nagle,9054575756
Alec Clary,9054297766
Sonia Charlize Guenther,7809553501
Julien John Dangelo,7059315775
Bernadette Madelin Whitt,4163208498
Brenna Harris,8197824711
Ernesto Tristan Johnston,4037421782
Maggie Aparicio,8075470712
Trace Travis Rauch,7804783053
Janine Gia Goldman,6044695473
Coy Velazquez,4038238347
Emmalee Viviana Reese,6135380897
Levi Latrell Kemp,9052708325
Nadia Emerald Kwon,7808550802
Aliah Robinette,5067211006
Brennen Cornelius Gates,7804886875
Jasmine Provost,7807134034
Oliver Camron Lange,7806829023
Taj Trae Carmona,6133934969
Franklin Reece Baltazar,4504770985
Ralph Ivy,4184395170
Sofia Buchanan,4166038676
Cathryn Makaela Alaniz,9028204428
Arden Whitney,8674440088
Cayden Jovanny McDaniel,5147526625
Jon Colson,9057456816
Maura Siera Gregory,5149260830
Jasmyn Hammond,8199553035
Dorian Harlow,5197617264
Liam Kobe Hatcher,4167336786
Dylan Merrill,4166085105
Elvis Broussard,6044607513
Katy Kaylyn Wilkinson,7802339503
Aislinn Amya Bundy,5147162866
Herbert Anderson Novak,5199733735
Ulysses Lincoln Finn,4164885520
Ken Jordi Felix,3062405548
Lucero Gina Cramer,6049804905
Ansley Cavanaugh,6047850374
Lori Preston,6139955430
Federico Neo Cherry,7057342170
Charisma Her,6042764969
Maurice Kurt Canady,5195857552
Jacquelin Averie Harlow,9054648453
Eliseo Sibley,4186985470
Britney Anastasia Bouchard,5194389217
Jase Hawley,4037011653
Danica Ashely Faulk,4163032105
Garett Courtney Haley,4037042758
Darwin Alexzander Strauss,7058428599
Blayne Conor Contreras,2043335183
Nickolas Arron Dockery,6132624003
Carter Jovanni Rowan,8193517911
Chyanne Ransom,9058404388
Mira Neil,4038064062
Adriel Linton,2506747693
Xander Engel,3067230925
Emani Coe,5149429738
Paris Huynh,6047281589
Demarcus Courtney McIntosh,9059333425
Ayanna Keener,6045079693
Priya Condon,4165624934
Demetrius Ferris,5194778174
Robin Pence,4163071292
Mackenzie Osborne,4167426528
Daisha Gladys Perkins,7056681511
Kaylan Levesque,4036889512
Desean Daly,7806900443
Abner Harold Vogt,3065468233
Malcolm Covarrubias,9058339229
Estefania Deja Olivas,2506203761
Rayna Villanueva,9024420138
Ryann Oglesby,7803605777
Kimberley Latavia Solorio,7807776675
Kelis Ibarra,4035337869
Bryon Abdul Neil,4185936315
Nataly Krysta Manley,4036380954
Infant Hite,3067800230
Demetrius Toby Sell,2509925500
Alliyah Keara Friend,6137646305
Kassidy Shivani Winkler,7808589614
Allissa Garrett,4509626790
Connie Aubrie Wyatt,4032810487
Milena Mathews,4166054443
Madeleine Bernadette Peace,7807327962
Lilliana Blake,7806785407
Alonzo Zachery Salisbury,7802226956
Willis Kareem Canady,4186585563
Juliann Caleigh Lawton,5142959457
Tristan Greene,5192583195
Gabriel Cordova,7808481665
Jaycee Rowan Finn,9022492151
Mikala Houser,5068716808
Charity Bria McDonough,2508932420
Sunny Preciado,8073444892
Lacey Kia Sherman,6138336350
Harold Cruz,4167914274
Esteban Stapleton,4164659815
Alisa Penelope Seaman,9054315725
Isis Kimberley Almeida,3065364799
Kaleigh Aponte,8196917779
Yisroel Crane,4168281763
Veronica Aya Epperson,6048986362
Daysha Booker,6138370362
Yahaira Gemma King,6135656996
Alayna Li,8196641176
Jair Agnew,3066845223
Trace Donald Andersen,4163818582
Alyssa Humphreys,8195601910
Reece Jacy Henning,6045326720
Earl Mcgrew,4032997938
Tamya Bowens,7808693810
Davis Orlando Purvis,4182905833
Tara Murdock,4183967765
Travon Isai Kirkpatrick,2506581796
Tyrell Escobar,8195352247
Daryl Belanger,8677664555
Salvador Harry,7806971290
Cayden Rudy Simpson,4035337828
Kayden Beard,7804440980
Eddie Patrick,9023681115
Jacques Wilfredo Kroll,7056431458
Raymundo Bishop Volk,5196965985
Tyriq Fiore,3063946213
Carolyn Rebeca Grigsby,7804808212
Eliana Vitale,6045811806
Aidan Jonatan Anderson,7056982302
Madilyn Valenzuela,9027609419
Jaquan Stanfield,6135645687
Christion Currier,2502169972
Donavon Mott,4035705659
Omari Declan Pagano,4505654311
Grady Urbina,7056437850
Jonatan Marcus Crowley,3065301918
Tierney Zhang,3064820690
Kade Dick,9058998680
Jairo Bryant Redd,9057011254
Irving Brandan Artis,4168786993
Maxine Foy,4036335591
Leeann Laken Phan,5199361171
Ezekiel Keanu Rainey,9052109138
Armando Timothy Cyr,6135662484
Mariah Raina Hinson,4162315809
Jamie Goodrich,4162832439
Alesha Mallory,4038895771
Kaiden Santino Clarkson,6047232012
Duncan Staggs,6137716212
Sahil Jeffrey Tripp,4185705936
Margaret Kraus,5142624334
Lexi Amie Salcedo,7807067143
Mason Dugger,9057656253
Grace Caudill,6045411530
Katy Spaulding,6047823673
Levi Michaud,4164729946
Sydney Rolando Pittman,4168816442
Geovanni Belanger,2503790878
Nathalia Whipple,5196365415
Johnpaul Begay,4032834977
Corbin Hammer,7804886817
Santino Aidan Espinosa,4169909855
Ilana Pauley,4037040651
Skyler Trisha Covey,4033278028
Wayne Johan Slocum,6138682936
Janeth Green,9057085214
Aliya Redding,8075370535
Rosa Tatyana Ly,3065303116
Kristin Phoenix Chung,5142197791
Jadyn Jami Zook,6472200911
Myron Rowan Harlan,2506208062
Sheridan Moriah Baggett,8076274682
Lainey Bobbie Torrez,7809937135
Damaris Madysen Valdivia,6048983855
Gloria Winslow,4185458203
Graham Carbone,5144999832
Dustyn Jaret Norris,5149621208
Addison Jameson Rooney,7806369075
Ivory Destiney Aaron,5142459499
Yousef Gilbert Dowdy,4164659833
Iris Fisk,4038895764
Daria Karly Brito,2503961079
Jaci Citlalli Gilliam,2506788709
Bryanna Medrano,7786869560
Alexandrea Zeller,6472852608
Angel Matson,7804852416
Joselyn Eleanor Putman,4035751200
Hernan Davila,5147565993
Pedro Lunsford,8074690054
Myah Yamileth Gauthier,2502331096
Bradley Erick Carr,5197890082
Madelynn Dina Coughlin,2504474288
Lance Lane,8073291515
Casey Alycia Fernandez,2892421341
Luiz Bronson,4038663957
Ann Leary,9057574041
Arron Gibbs,7805735522
Kiara Celia Roby,8193999103
Bruce Devlin Brooks,5142310199
Elias Angel,7806744915
Devin Zachary Blanton,4182334725
Lilly Annalisa Higgins,4032626863
Kasey Turner Nickel,6472035280
Kourtney Kaylin Albert,4168569508
Diego Nettles,6048492128
Colby Moreau,6472025142
Toby Geary,6137500617
Bobby Winters,2508807932
Bailee Candy Stephen,2508916381
Marian Mcvey,2507221890
Anderson Omari Locklear,3068687680
Erykah Pamela Stubblefield,4165776338
Tevin Bandy,6042248873
Thalia Yaquelin Yoon,6047406926
Josiah Vicente Blaylock,3065775423
Giselle Emmons,4509884224
Isidro Kylan Sinclair,7052397498
Julissa Gough,5199252588
Mohammad Austyn Tracy,4032452198
Raven Morgan Liang,7806971261
Harlee Tatiana Uribe,2509492470
Chance Burch,5192889638
Kaden Jorge Crump,4036413986
Blaise Nikolas Stoll,9056092006
Damaris Estefania Neff,7802058380
Devonte Bartlett,4506124866
Cailey Carrasco,5197271609
Jade Philip Stine,6048689048
Chad Baylor Prater,2042951227
Jaylen Blackmon,5142223944
Duncan Winston Dwyer,9054477817
Francisco Devlin Herrington,7804876490
Kaylynn Goodwin,6135971857
Jessika Heinz,3069650384
Courtney Guy Blum,9054549065
Jaycob Quinlan Whatley,4036454263
Wayne Betts,6042713369
Shane Elliot Jansen,4168072624
Journey Marlene Luther,4186724658
Colby Lopez,6137863137
Kyler Cristobal Roper,4165601196
Mauro Treyvon Jacques,4164554486
Preston Rasmussen,4035024939
Josiah Peebles,2505199468
Michaela Aiyanna Cantu,7788923955
Riya Cori Gallardo,7809394977
Sarina Nunez,4508806605
Ariana Liles,9059298551
Lamont Weeks,5193814504
Charlene Yulisa Hare,6472238483
Bill Peterson,2503773216
Carissa Shantel Hale,5195623789
Mitchel Corey Neville,3068273367
Lena Michelle Cavanaugh,5148351801
Kara Hilliard,4038741754
Oswaldo Sidney Martel,2502283495
Morgan Swain,6049795808
Deshaun Damien Smith,4162175113
Emani Wellman,6139286078
Regan Selene Dorman,9026551513
Rickey Ronan Alaniz,4508804739
Itzel Mead,4185936304
Kelis Kourtney Kuykendall,6478895846
Gustavo Cosby,8194264165
Dajuan Cunningham,5192918414
Dale Syed Darden,4036413982
Mike Hunter Vandyke,4163343016
Alonzo Joel Champion,9056387127
Mariel Rust,3066477233
Alexander Travis Leger,4187197699
Xavier Rau,7802402378
Alexys Stout,6044512247
Conor Louie Starnes,5199310766
Dylan Bowens,8196917714
Gisel Salinas,4037052342
Lucinda Susannah Shafer,4189200488
Chelsea Mcalister,2507689919
Reese McCrary,4033824736
Krystal Bowling,7783226011
Jesus Dandre Liu,4508084921
Randy Welsh,8198229024
Kevon McClendon,9056612654
Alfred McCollum,2502332262
Carl Camryn Bartley,9054844731
Lars Tomas Coppola,2508345599
Zion Konner Adam,8199216200
Tyrese Dooley,3065664112
Stephan Leggett,4166275394
Keshawn Grantham,4165333948
Terry Fleming,8193841586
Skylar Shamar Littlefield,7054430152
Ramiro Jedidiah Lang,6475888599
Jolene Hay,4035996497
Jakayla Clay,7807276611
Yadira Schell,2503181384
Clyde Leung,4167887821
Bennett Reece Coy,5192707987
Annie Cinthia Lavoie,2508383365
Lisette Colette Lockhart,4032100709
Alliyah Moses,5145703760
Regina Creech,6049054497
Khadijah Ellison,4162216800
Jaxon Hope,5146942709
Ryder Sherwood,9056373554
Annelise Kaylin McNamara,7807776674
Jayla Grover,9058121603
Nasir Craig Pugh,9057656260
Calista Amador,6139870126
Kaley Epperson,6137926174
Asher Zayne Rawlings,7803545376
Krystal Odalis Hatton,7807062880
Allie Nayeli Dempsey,4035412187
Khalil Quincy Desantis,7804253274
Tracy Antwan Rankin,4035690728
Ari Hezekiah Rose,2042281549
Bowen Hussey,4502505884
Rosalinda Susana Lopez,7805250578
Dakoda Korey Cave,3067227747
Anderson Korey Barraza,3065267743
Muhammad Reeves,4033481603
Joseline Jaylyn Kearns,6047956394
Eddie Demarco Seay,4164669425
Jovanny Doran,4163344472
Breann Palermo,6049181422
Kim Adilene Bradshaw,5195641045
Guadalupe Glenn,4039998920
Alaysia Tomlinson,7788880717
Amya Kaela Devlin,4509606762
Deandre Nicholas Busch,3064554852
Kai Cindy Webb,4166909376
Tia Pollard,6132075418
Deon Pedro Keane,4506743893
Michele Heidy Honeycutt,9054152862
Alena Covarrubias,9058394050
Klarissa Carbajal,4164933765
Jovany Christopher Finley,9059940245
Mariam Lapointe,7059454806
Nicole Whitaker,6042245008
Katerina Vu,6478800393
Olga Stubbs,6135479113
Joshua Beaver,7056231883
Marjorie Xochitl Horne,9028538439
Tionna Tricia Delaney,4185756010
Terri Josephine McCauley,9052959226
Jalen Jayme Hite,6045571920
Ulises Pulliam,8196472034
Raegan Spence,5148064783
Melody Richardson,3065988185
Lucille Paris Dickey,9054772253
Aria Ally Selby,3066578951
Silvia Stroud,4169638199
Garrett Wenzel,2048229270
Isabell Pinto,6478826468
Blake Cheek,9057351395
Chase Witte,8077352910
Jovanny Ellsworth,9053012680
Kortney Samaria Childress,4162203732
Deshawn Jadyn Farrow,4185821195
Agustin Boss,4038894717
Halie Elyssa Hackett,7057494332
Curtis Javier Lyon,9028822555
Trenten McNair,6139135385
Aleena Mooney,4167024058
Ayesha Glynn,4183645991
Lyle Poe,7806395428
Audra Natali Fabian,8194402470
Jarred Ken Schubert,4165068816
Mercedez Victoria Herrera,3067204792
Lisbeth Seeley,2504149813
Guy Cornelius Felton,9052013237
Zayne Desmond Holley,2042906718
Nyla Royer,4162196084
Salena Palumbo,9052017209
Abbey Giavanna Emery,5197835671
Billie Barton,6042029961
Cecil Nobles,2504168431
Shamar Spear,4036379572
Devyn Paris,4165862072
Anahi Joyce Schell,8193645006
Tyasia McNeill,8199489743
Whitley Marilyn Holley,7056361451
Logan Kavon Holbrook,4188670546
Keshawn Shapiro,8073444873
Jeremy Rudd,9023684799
Markell Adrian Hoyt,7053351162
Derek Emiliano McKee,7053663768
Journey Dickey,4169623805
Chloe Cheyenne McCloskey,4168382720
Vaughn Kolby Montoya,7055272350
Arturo Brendan Ali,5147913522
Tanya Gable,5199995025
Yousef Conklin,6042631149
Khalil Billingsley,6048153971
Tony Cabral,9056313128
Rayshawn Daveon Trimble,5194395886
Josef Jelani Keefe,8195629713
Ahmed Freeland,7809249875
Clifton Zackery Cerda,6048220905
Malaysia Mathew,7807131721
Dandre Warren Kincaid,5144962117
Dina Trinity Cates,4165671993
Jericho Jovan Benedict,9054772204
Noel Graham,5193858856
Johana Champion,4184391661
Kayleigh Reece Corley,9053162312
Marshall Spencer Moyer,2503175662
Enrique Deante Rhodes,6137211403
Maryann Underwood,4166851336
Santana Gunter,4168197081
Ana Mercer,6132827678
Rex Steele,8194560882
Santino Christman,4035142964
Gustavo Hezekiah McCarty,4163927275
Warren Treyton Sweat,7807165309
Garret Colbert,8198229862
Dillan Newman,7807283676
Ty Gates,2506193758
Phoenix Carver,6132252101
Amy Salena Cooley,6137159347
Lexi Kelli Dunaway,4033283135
Jamar Ferreira,2044126399
Ahmad Suggs,4038763380
Jorge Menachem Boudreau,2507220731
Janay Kraus,6133879172
Giancarlo Prescott,5143786324
Tyler Dawson Shannon,2892415901
Montserrat Frye,7053121466
Irma Regina Grossman,6048674064
Jakobe Gavin Horn,3062207626
Max Pranav Jett,6049804939
Ivanna Kailyn Quarles,9056615081
Sammy Aman Lombardo,2505432464
Mykayla Keyana Thao,2042906797
Alfredo Andy Law,6139686163
Haleigh Connor,2506142649
Mallory Meadow Salcedo,9053465894
Niya Rebekah Burk,4033330297
Kyndal Ybarra,4032188942
Piper Maci Carmichael,7808315851
Marcela Weis,4167101967
Sophia Blair,3067204740
Jarred Rodney Chandler,5197822980
Fletcher Hakeem Nichols,7808941047
Isabelle McCall,6042210983
Cade Heath Stephen,5192752530
Grace Susan Askew,2507517926
Marcanthony Higgins,4164171790
Ethan Alfredo Kellogg,5197704830
Dejon Chau,7805390387
Remington Ammon Osborn,6473003447
Jaime Preston,4169180551
Stefanie Dang,2043883786
Mason Neal,7809659602
Jayden Jaydon Bower,5196469875
Emily Bowen,2506581743
Davin Tang,3067372238
Darrien Boyles,4033476141
Eleanor Demi Driver,4168072689
Larissa McCauley,3069375886
Darian Grace,4167780121
Alliyah Nathaly Frank,6048795375
Jalyn Kalen Molnar,5197265087
Martin Roe,9059069251
Paula Carley Craven,9059817374
Katlyn Dania Stewart,5148141992
Maya Karli Stanfield,2506251214
Felipe Alvaro Benavidez,6048295630
Obed Doran,8195714613
Marianna Steiner,4182370129
Santino Castaneda,7057603497
Mustafa Ratcliff,2502900532
Margo Barrett,8198080557
Elsie McClendon,7059652144
Alice Makenna Rider,2502289062
Darien Riley Norton,2042989119
Joselin Melia Luong,6047174049
Janessa Lucinda Perez,6048356343
Brent Whiting,9056942760
Guy Grey,9056555785
Daja Klarissa Spears,8197571819
Lara Daniella Halstead,7806622607
Bradley Jalon Leger,4166211170
Skyler Gallo,6135384287
Cortney Blair Cranford,5192400934
Karissa Pemberton,4165087938
Leticia Nancy Woodruff,7056246993
Sherry Kovacs,6137927490
Gannon Hamm,4165652375
Keyara Derrick,5193475322
Finn Ryder Flood,7054921860
Braulio Colburn,6136769909
Bill Ramsey,4182905321
Lilia Levine,7054318502
Clara Knutson,6045342319
Joanne Shanice Rocha,8197764373
Dymond Shaffer,5142066488
Lena Kaytlin Bassett,6132549715
Patricia Frank,5198237989
Aubrey Solano,4182768732
Deon Danner,6048330336
Willow Janaya Shepard,4168233103
Rodolfo Kai Willoughby,4506707309
Sage Jones,8192296647
Donavon Binder,5196430856
Benjamin Nickel,6472084601
Dajuan Glenn Reagan,8673902060
Ricky Ogle,7052680718
Zariah Kami Angel,6133395722
Quinn Palma,5148865403
Santiago Yu,4168596518
Stevie Michael,7095302779
Quinten Lukas Freed,2504125968
Leonard Liles,7054564355
Jaida Ragsdale,9053736779
Kendrick George,4032888571
Ariella Murillo,6478838857
Emilie Faith Keller,5147790856
Kassandra Betsy Close,4035435579
Mikaila Kinsley Block,9055136699
Makenna Britany Rivera,5192155860
Avery Bui,7057725543
Aryanna Himes,5192879873
Kareem Vail,6133934981
Riana Lange,4039319779
Jaidyn Choi,2049618451
Gwendolyn Denise Fitch,7808439127
Emerson Erick Gleason,4163803122
Alfred Devyn McMullen,9057950368
Paola Luke,3062445083
Cielo Gulley,9054499212
Keyshawn Solorio,7807440526
Neal Darrius Lugo,4167946619
Orlando Chiu,4185215328
Keana Lomeli,6139451461
Lucinda Kendall Petty,4504765582
Christina Makenzie Granger,9057458122
Georgia Trejo,2045416869
Terra Sabrina Meehan,7807413065
Jasmyn Wimberly,9056591313
Nakia Shianne Begay,6048309746
Angeles Jacy Kirkland,3068544147
Earl McDonough,3066814747
Destinee Cecelia Rubin,8197554101
Jaxson Zane Dowd,9057907458
Dorothy Donnell,5196857447
Jakayla Jasmyne Wheaton,6133913617
Samuel Sonny Jensen,4163241333
Jayla Knox,4166153565
Luiz Spears,4165267512
Alonso Sandberg,5197830470
Terry McGinnis,6472223750
Brenda Montero,8199216222
Kirk Toby Ogle,8193393408
Isela Hagan,7054728571
Skyler Wang,5193766622
Aryanna Wade,4167999387
Felix Luu,7059537403
Lana Champion,3064633740
Joann Sorenson,8678965480
Allissa Dickson,5198360625
Isabela Snowden,4506544743
Lexi Bobbie Eason,6049035390
Leigha Katelynn Wilde,7809188031
Kelly Woody,9056545261
Daquan Richardson,2504022354
Luisa Ally McLeod,8678417274
Kolby Louis Watkins,4507029145
Jade Zachariah Boyles,7054430122
Noel Skye Jensen,4169350304
Travion Johns,5193272005
Derrick David West,4033990948
Aniyah Kiara Ridenour,4038382891
Cesar Choi,8196946074
Abram Tyree Welsh,5193787685
Annalise Carla Diamond,4163456641
Callista Lanning,4036872418
Kathleen Ariel Looney,9058459440
Grecia Joseph,7804693997
Kennedi Montgomery,4187331725
Callie Irma Tamayo,7054778998
Terrance Jolly,4036764506
Ciana Horowitz,4035409224
Cora Gladys Harmon,6135896725
Jeremiah Henry Ontiveros,3066724563
Arron Toth,5142456097
Desirae Bernadette Lund,4168841093
Joslyn Quarles,4033086658
Janelle Tamia Gold,3062207642
Kiarra Sonya Fair,6139137923
Jaxson Dennison,4167581286
Shelbi Gall,7809616749
Aubrie Dina Feldman,5142619058
Jodi Luke,9025531104
Emerson Lawrence Hardy,5192576562
Desirae Thea VanHorn,7804865806
Ryland Paxton,7053230500
Karlee Carson Holder,2508868033
Vincenzo McCray,5196618146
Evelyn Cable,5142813042
Anjelica Baby Hodgson,5196333254
Corbin Gregory Sullivan,4163906042
Brennon Miranda,4035127155
Briley Lindquist,9025760707
Cale Zain Amos,9052639371
Fabian Nigel Christie,4185321318
Alia Jasmin Neil,6136746608
Rasheed Jaxson Kramer,5193814586
Carlo Colt Crabtree,6042136874
Kolton Brett Daily,8197352424
Amy Schrader,5194384939
Aaliyah Chantal Aguilera,4035690769
Shania Robb,4166605671
Jania Rebeca Copeland,2507832954
Jazmyne Browne,5145929310
Ezequiel Correa,6472200977
Stefani Swann,9056801641
Bryson Geoffrey Wisniewski,6133779890
Josie Clare Dempsey,5192918460
Dezmond Benjamin,7056655373
Brittani Mckinley Morey,8197342328
Meredith Natalie Howe,2505936822
Carlton Middleton,3065308671
Ronaldo Kirkland,6138530394
Lazaro Freedman,2044126351
Anderson Samples,7807944598
Guy Kinder,4183469116
Sidney Aylin Eads,6137289888
Deasia Sweet,5199281083
Johnathon Slade Mears,6132382439
Brianna Annie Ritchey,5147796340
Annemarie Serena Bridges,4037092568
Alayna Brooklynn Lawson,5198818716
Makenna Emerald Ferrer,6136358698
Maryam Rayven Troyer,4168196666
Layla Jaci Greenlee,4035448828
Jade Eve Lantz,7802202654
Thalia Rileigh Grayson,9059868613
Jane Clancy,4185597850
Orion Bolden,6048837883
Eduardo Schuster,4162544213
Abdullah Tye Brinson,2505638628
Violet Lang,9052201028
Julien Bland,4032393815
Grant Coe,7056471451
Kaiya Darby,6046858507
Caitlyn Trisha Woodward,5148930128
Trevin Andres,9054560222
Gilberto Greyson Orr,9025534731
Claire Devan Zavala,4187838921
Cristopher Beavers,7053417761
Kirk Demond Peters,4186965491
Rocky Alessandro Katz,6048764644
Kenna Mathews,7053873386
Campbell Brandon,4163906067
Jeff Clay Fairbanks,7808325698
Devante Woody,4165016102
Kory Cosby,6048480773
Ana Drew Gaskins,8679954708
Marquis Marquise Kunz,4169642485
Raphael Kenyon Pack,6472816109
Damon Garret Wood,4038212432
Jalyn Katarina Boyle,4169804486
Emilio Dimitri Strain,3065263452
Broderick Bryant Singletary,4182924088
Asya Vergara,6048544834
Jazmyn Hurst,5198014993
Flor Brynne Bennett,6132785263
Abagail Sowers,3064538875
Madelyn Brisa Hall,7783895894
Joyce Ayleen Wakefield,6042288229
Ali Fallon,8197615333
Tony Sydney Croft,2043649011
Shelton Melvin Adams,7789958262
Lacy Lieberman,2502332205
Alia Kami Elrod,6132735380
Trevon Jaydon Cutler,5194395852
Raymond Montalvo,7805735534
Paxton M. Watkins,4162710089
Rigoberto C. Elam,2507976601
Reece A. Noyes,4033186116
Tyana S. Ziegler,6046321170
Candice K. Ervin,2504251977
Marlon J. Dubois,7056907942
Cinthia M. Janssen,9054552100
Anders K. Davidson,6042989432
Paige M. Mcafee,6048618596
James L. Wentz,6046357469
Charisma K. Crist,6472223773
Pierce D. Foss,5194621048
Bethanie M. Zeller,4164387222
Lucia Z. Ponder,7057765949
Yasmine K. Strand,8678413959
Noemi S. Chun,5148848286
Tia K. Caraballo,7807909348
Alejandra A. Sterling,9053749585
Elaine K. Dorn,5196857455
Shauna B. Villareal,4164402452
Daylon Q. Coleman,7803325630
Alaysia C. Hanson,8673331543
Walker M. Wetzel,4032922318
Tianna R. Johansen,4169637951
Dalia C. Carlton,9057689141
Daijah K. Mohammed,4185500001
Malika D. Mabry,3068874045
Sheldon D. Collier,4162668507
Annabelle P. Battle,4032050074
Annika I. Kim,9027919463
Leroy S. Stern,5193929044
Israel C. Voss,5068716898
Hope D. Moffett,6137215237
Victoria J. Brand,4168085938
Trisha K. Guest,4162595629
Bryn S. Branch,5198974615
Andreas S. Mata,2503189805
Kain M. Christensen,9057653881
Shiann T. Smallwood,7804227434
Mari C. Myles,6478895828
Jorden M. Crow,3065938963
Jaclyn G. Walter,4162175593
Corinne R. Mead,4163491627
Dominik D. Faircloth,4164050881
Ty S. Rosales,4163757282
Susan L. Searcy,7802041092
Lyndsay A. Segovia,2506772485
Herman C. Lyle,4036057361
Dewayne D. Osullivan,5195819942
Dominic P. Ratcliff,5197499943
Dallas L. Lieberman,3065355711
Jeffrey W. Gardiner,9055065667
Bridget N. Frye,4162586886
Neha L. Betz,7788895290
Allysa K. Bernstein,2505093861
Shayne B. Carney,5197679182
Nicolle Z. Alaniz,7806906488
Raekwon A. Nix,5198874151
Gary J. Winchester,2506904964
Lance H. Sutter,4166789435
Rogelio M. Hammond,4035017472
Brycen T. Keyes,9026298475
Katelin Z. Richmond,4167384383
Alexcia S. Blue,4169642462
Nolan K. Frederick,4038989861
Greyson K. Shuler,5198760567
Aleena K. Estrella,4162859922
Macy Z. Koontz,4036521041
Amiya A. Norris,7789986784
Arturo P. Melendez,6136010425
India J. Fennell,2502932461
Abram K. Leigh,2506493374
Leila S. Elias,4189637693
Roxana K. Quinlan,9059025555
Orion K. Whiting,4186442779
Marquise K. Kaye,7802334104
Stefani L. Mathews,7809305928
Jaquez M. Lavoie,2503175600
Mikaila I. Dewitt,5193632026
Jermaine S. Lai,7052550538
Jakob N. Henson,9057295989
Marisela C. Wylie,3062427322
Deshawn A. Pratt,2503867106
Jorden M. Elliot,4186985467
Dara S. Poindexter,6132403742
Pilar J. Lovett,2508653017
Jayvon B. Jacobs,9057649311
Alden O. Goetz,2502222503
Gissel A. Huff,4164953637
Lawson C. Randall,3065447331
Daron C. Eller,2502876969
Gaige J. Ashby,3066825949
Adam Z. Sorenson,4164050049
Damon R. Weis,6045745392
Savanna J. Cordero,7057628386
Noelle T. Stearns,8193525555
Isidro L. Segura,5142164547
Xander H. Donnelly,5142197085
Nickolas R. Rogers,2506889544
Kathryn B. Benton,8195705238
Anjali Steed,3064693074
Shelbi S. Wilkes,4165274968
Dayton A. Chappell,2506188767
Wesley D. Marquis,4164142119
Karlie K. Gaffney,9057408054
Blair B. Bohn,9026409211
Amiah C. McCabe,9053196945
Aiyanna Rincon,5194620918
Santana A. Harter,9056744141
Marvin K. Shanks,5194642813
Yaritza Bowens,9056546876
Forrest Singer,4162133682
Talon Breaux,6048915336
Karyme J. Templeton,8673609577
Dorothy Aranda,5148636810
Conrad McCombs,7056930168
Eduardo A. Rangel,4038382843
Haley Cheney,4163236861
Eleanor E. McMillan,2505147008
Martha R. Schott,9027910305
Jane J. Rosa,8193865831
Kaila K. Shell,4166483008
Lucas M. Conklin,7803076645
Zackary R. Lam,4169948257
Devan Cortes,5197258053
Georgia Dobbins,4504766198
Daija Brant,5193814597
Kaila Sommer,8073291505
Pranav Kaminski,2506955720
Drew W. Fahey,6139208775
Serenity Alcantar,7052687795
Glenn Hodges,3064899876
Jamie K. Binder,4165404517
Demarco Irving,7808326280
Briza Beasley,4039965725
Yisroel A. Mendenhall,4183645965
Noor Chavez,8677700716
Hans Mcnabb,4166750645
Ariana Kovacs,4039018220
Karl G. Corley,5148689727
Bill Guajardo,6048983832
Ervin Santillan,2892519153
Veronica Merrell,7054551796
Stanley Escobedo,6472279381
Jailene Purdy,6478850666
Calvin Mancuso,7058583775
Rhea M. Epstein,6049164224
Shyla Power,6137445423
Yajaira Batson,9053232410
Diana Raines,5148078544
Karah G. Key,4162848460
Mike A. Giordano,5198630198
Alvin Jasper,4038749374
Cailey S. Christianson,9056377339
Gregory L. Street,9055361546
Donnell Metcalf,4164302968
Hana French,6132921882
Kenton Trevino,4037307218
Tess Shifflett,5142972790
Logan C. Bourgeois,6472084696
Madelyn T. Vernon,2506255677
Leigha Givens,6139954401
Alexys G. Dennis,4039124826
Gonzalo J. Griffith,7052956304
Krysten Storm,9055756710
Beyonce Schrock,4505433312
Kobe Childers,2506298286
Amirah D. Spear,6049608446
Dwight S. Vest,4166920471
Hugo R. Arnold,7056840994
Humberto B. Pino,4165471806
Eunice Seaman,4035404765
Billie E. Vieira,4504773346
Meadow Hair,4182676359
Tamya T. Lewandowski,7809885853
Kai N. Napier,4162435346
Dania N. Epstein,7804873315
Kerrigan Hillman,5194320573
Kendra A. Espinoza,9059619917
Cielo B. Blair,7052550582
Renae Velez,2506741289
Callie Ochoa,8192246357
Jazmin Laster,5196330669
Carson T. Poston,6048833733
Darian Wicks,2505373713
Martha D. Merrill,6133856571
Bridgette A. Chao,6138679904
Alyson Hamilton,4166899775
Danny J. Harlan,7806566202
Santiago Heck,6136767646
Odalys Elias,3062402968
Mackenzie J. Morales,7056907927
Justyn D. Foust,7782311139
Kevon G. Briggs,4182948415
Desmond A. Vincent,9027644070
Drew Gunderson,6138801385
Cedric M. Mims,7782404594
Aldo Quintanilla,6047281525
Elisha J. Rosado,4163480536
Tristen F. Carlin,9023685095
Jarred Z. Graf,7809309307
Reece A. Graves,3066651612
Jimmie D. Stump,7806362251
Maricela J. McAdams,8197769265
Kerri Perryman,2503790885
Tanner D. Rivera,4165040174
Mina Womack,9053236146
Eli Z. Mchenry,5193235410
Tyasia A. Linton,4503742589
Raina Beal,2506141662
Payne R. Humphreys,7056425419
Dewayne H. Rollins,2508477681
Stephan Newsom,6472841979
Earl Doss,8195780134
Adela Mason,7054564307
Jayson Irvine,7809743988
Seth Bliss,3069950090
Edith Quinn,5193391404
Joan J. Billings,4168714516
Alyssia J. Helton,4185646000
Gianni Malik,4036358327
Luz S. Paul,2505384846
Julianna Dickson,6048956235
Josie S. Bowie,7808463972
Eleazar Forster,9052710353
Ananda A. Farrar,7806963946
Kaitlin McBride,4168941433
Evelyn Keeler,4036607971
Kendell S. Hawk,4039216931
Mauro T. Sweat,9053446963
Larry Jameson,4167720084
Korey Hillman,4164570418
Bryon O. Tatum,4037879052
Shanice Bowles,2505791527
Rachael Kowalski,3064606992
Carmen Hare,5149981371
Morgan C. Agnew,4165205101
London P. Gruber,6048483474
Sam A. Fraser,4033310075
Dionte Schoen,6134496162
Chaim L. Crockett,8073444891
Mariam Babcock,4163441595
Daylon Packard,6048688686
Jessica E. Herndon,2506292542
Fred J. Littlefield,4037407851
Shania Fitzpatrick,9059935939
Amiya Bateman,6044440688
Bridger I. Martin,5143772982
Betsy L. Light,5198805749
Bree Neely,4033189431
August Alfaro,5142813094
Tariq Harrison,7054225579
Rory Whelan,7809039864
Susannah Volk,6137822914
Javion Hong,6137442564
Antony D. Charlton,2504903072
Jayvon Nagle,5197548027
Carly Darden,9059396880
Francesca A. Joyner,9053012632
Deven Lujan,4169965039
Makenzi L. Burrows,2504557436
Todd M. Workman,8678733781
Melissa C. Champion,7057628357
Ulysses D. Vitale,4036865649
Ezekiel Kohn,8192136167
Rhea R. Conover,6136573905
Spencer Fox,9057561718
Nicolette Howell,4168072657
Parker Y. England,4507127726
Seamus Dix,6042129329
Marlen Yates,7809203019
Sammy V. Winkler,4033529114
Monet M. Daley,3065637579
Katarina Lapointe,4163325341
Kylie A. Cone,6138685528
Jon D. Eason,3066571906
Lane L. Cagle,5196622459
Dwayne Bohannon,5192178580
Holden A. Lofton,7056431462
Alice L. Tolliver,6138336303
Keyshawn McFarland,7058411900
Russell E. Rodrigues,5196994077
Caitlynn Mathias,6045701668
Mordechai Gaines,4505812061
Chloe C. Comstock,9028949607
Donnell Severson,5197177647
Tracy U. Mundy,7053214233
Maximus O. Parrott,7056352897
Ananda C. Walters,3063880306
Darnell Mello,4164669752
Dajuan G. Mead,3064536771
Kegan Tarver,2505165702
Abdul T. Hardwick,2502021547
Kalia Keefe,4189316535
Frederick S. Laws,7052055063
Morgan Thiel,4163801509
Francisco P. Whipple,7802085257
Coral Mesa,6477468762
Jelani J. Hooks,6137926162
Giovanny J. Breaux,2505199436